season,avg_rental_count
1,2604.1325966850827
2,4992.33152173913
3,5644.303191489362
4,4728.162921348315
