year,avg_pm25_dongsi
2013,86.94028607137898
2014,87.46960637192657
2015,87.3430904668134
2016,80.22595184438381
2017,103.497113997114
